{
  "stats": [
    {
      "cpu_percent": 392.1,
      "cpu_times": [
        10.62,
        0.17,
        0.0,
        0.0
      ],
      "memory_info": [
        53678080,
        283869184,
        29958144,
        4096,
        0,
        137711616,
        0
      ],
      "num_threads": 5,
      "system_cpu_freq": [
        [
          700.0,
          600.0,
          700.0
        ]
      ],
      "system_cpu_percent": [
        100.0,
        92.3,
        100.0,
        100.0
      ],
      "timestamp": 1528942585.0
    },
    {
      "cpu_percent": 402.0,
      "cpu_times": [
        11.64,
        0.18,
        0.0,
        0.0
      ],
      "memory_info": [
        52871168,
        282898432,
        29958144,
        4096,
        0,
        136740864,
        0
      ],
      "num_threads": 5,
      "system_cpu_freq": [
        [
          700.0,
          600.0,
          700.0
        ]
      ],
      "system_cpu_percent": [
        100.0,
        100.0,
        100.0,
        100.0
      ],
      "timestamp": 1528942585.0
    },
    {
      "cpu_percent": 382.8,
      "cpu_times": [
        12.61,
        0.19,
        0.0,
        0.0
      ],
      "memory_info": [
        0,
        0,
        0,
        0,
        0,
        0,
        0
      ],
      "num_threads": 1,
      "system_cpu_freq": [
        [
          700.0,
          600.0,
          700.0
        ]
      ],
      "system_cpu_percent": [
        100.0,
        96.0,
        96.0,
        96.0
      ],
      "timestamp": 1528942585.0
    }
  ],
  "summary": {
    "mean_cpu_percent": 392.3,
    "mean_num_threads": 3.6666666666666665,
    "mean_resident_set_b": 35516416.0,
    "mean_system_cpu_percent": [
      100.0,
      96.10000000000001,
      98.66666666666667,
      98.66666666666667
    ],
    "mean_virtual_memory_b": 188922538.66666666,
    "system_cpu_time_s": 0.19,
    "user_cpu_time_s": 12.61
  }
}